book,subject,object,sub_sentence,verb,sentence,sub_sent_score,verb_score,sent_score,sent_loc,sub_sent_vader,sent_vader,verb_vader,pair,title
harry potter book 1,Dudley,Harry,Dudleys gang hated that odd Harry Potter in his baggy old clothes and broken glasses,hated,"Everybody knew that Dudleys gang hated that odd Harry Potter in his baggy old clothes and broken glasses , and nobody liked to disagree with Dudleys gang .",-0.9994325595907867,-0.999362395668868,-0.6630598902702332,10356.0,-0.8625,-0.8555,-0.6369,"{'Dudley', 'Harry'}",Harry Potter Book 1
harry potter book 1,Dudley,Harry,Dudley asked Harry,asked,Dudley asked Harry in amazement .,-0.10691124200820923,0.9990212917327881,0.9201611280441284,13630.0,0.0,0.5423,0.0,"{'Dudley', 'Harry'}",Harry Potter Book 1
harry potter book 1,Dudley,Harry,Dudley had always taken anything that Harry really wanted,taken,"Dudley had always taken anything that Harry really wanted , even if it made him sick .",0.3667832612991333,-0.999544776219409,0.992627739906311,41100.0,0.0,-0.5106,0.0,"{'Dudley', 'Harry'}",Harry Potter Book 1
harry potter book 1,Dudley,Uncle Vernon,Dudley looked a lot like Uncle Vernon,looked,Dudley looked a lot like Uncle Vernon .,0.9690204858779907,0.9936122894287109,0.8682689666748047,6926.0,0.3612,0.3612,0.0,"{'Uncle Vernon', 'Dudley'}",Harry Potter Book 1
harry potter book 1,Dumbledore,Hagrid,"I would trust Hagrid with my life , said Dumbledore",said,"I would trust Hagrid with my life , said Dumbledore .",0.9801872968673706,0.9940192699432373,0.9822489023208618,4880.0,0.5106,0.5106,0.0,"{'Hagrid', 'Dumbledore'}",Harry Potter Book 1
harry potter book 1,Dumbledore,Harry,Dumbledore took Harry,took,Dumbledore took Harry in his arms and turned toward the Dursleys house .,-0.9974402454681695,0.18745028972625732,0.9979609251022339,5349.0,0.0,0.0,0.0,"{'Harry', 'Dumbledore'}",Harry Potter Book 1
harry potter book 1,Dumbledore,Harry,NICHOLAS FLAMBL Dumbledore had convinced Harry,convinced,"NICHOLAS FLAMBL Dumbledore had convinced Harry not to go looking for the Mirror of Erised again , and for the rest of the Christmas holidays the Invisibility Cloak stayed folded at the bottom of his trunk .",0.9497096538543701,0.9995697736740112,-0.9332852512598038,70861.0,0.4019,0.6486,0.4019,"{'Harry', 'Dumbledore'}",Harry Potter Book 1
harry potter book 1,Dursley,Dudley,The Dursley s had a small son called Dudley,had,The Dursley s had a small son called Dudley and in their opinion there was no finer boy anywhere .,0.9854891300201416,0.9996227025985718,0.9996436834335327,139.0,0.0,-0.296,0.0,"{'Dursley', 'Dudley'}",Harry Potter Book 1
harry potter book 1,Dursley,Dudley,"Mr. Dursley picked up his briefcase , pecked Mrs. Dursley on the cheek , and tried to kiss Dudley good - bye",tried,"At half past eight , Mr. Dursley picked up his briefcase , pecked Mrs. Dursley on the cheek , and tried to kiss Dudley good - bye but missed , because Dudley was now having a tantrum and throwing his cereal at the walls .",-0.8535362482070923,0.9995204210281372,-0.9966190312989056,412.0,0.6908,-0.5647,0.0,"{'Dursley', 'Dudley'}",Harry Potter Book 1
harry potter book 1,Dursley,Dudley,"Mr. Dursley picked up his briefcase , pecked Mrs. Dursley on the cheek , and tried to kiss Dudley",kiss,"At half past eight , Mr. Dursley picked up his briefcase , pecked Mrs. Dursley on the cheek , and tried to kiss Dudley good - bye but missed , because Dudley was now having a tantrum and throwing his cereal at the walls .",0.2957988977432251,0.9997141361236572,-0.9966190312989056,412.0,0.4215,-0.5647,0.4215,"{'Dursley', 'Dudley'}",Harry Potter Book 1
harry potter book 1,Hagrid,Dumbledore,"Not a soul knows except me anDumbledore , said Hagrid",said,"Not a soul knows except me anDumbledore , said Hagrid proudly .",0.29847705364227295,0.9940192699432373,0.9970427751541138,76784.0,0.0,0.5574,0.0,"{'Hagrid', 'Dumbledore'}",Harry Potter Book 1
harry potter book 1,Hagrid,Dumbledore,Hagrid lets Dumbledore,lets,And Neville will play Quidditch for England before Hagrid lets Dumbledore down .,0.9972305297851562,0.9996522665023804,0.6009306907653809,87542.0,0.0,0.34,0.0,"{'Hagrid', 'Dumbledore'}",Harry Potter Book 1
harry potter book 1,Hagrid,Dumbledore,Hagrid would never betray Dumbledore,betray,Hagrid would never betray Dumbledore .,0.996656060218811,-0.9971754336729646,0.9969828128814697,87675.0,0.5216,0.5216,-0.6369,"{'Hagrid', 'Dumbledore'}",Harry Potter Book 1
harry potter book 1,Hagrid,Harry,Hagrid stared wildly at Harry,stared,Hagrid stared wildly at Harry .,0.9734810590744019,0.9856077432632446,0.9871561527252197,16653.0,0.0,0.0,0.0,"{'Hagrid', 'Harry'}",Harry Potter Book 1
harry potter book 1,Hagrid,Harry,"Hagrid ran his fingers through his hair , fixing Harry",fixing,"Hagrid ran his fingers through his hair , fixing Harry with a bewildered stare .",-0.5299215316772461,0.9996652603149414,-0.9040487334132195,16723.0,0.0,0.0,0.0,"{'Hagrid', 'Harry'}",Harry Potter Book 1
harry potter book 1,Hagrid,Harry,Hagrid looked at Harry,looked,"Hagrid looked at Harry with warmth and respect blazing in his eyes , but Harry , instead of feeling pleased and proud , felt quite sure there had been a horrible mistake .",0.5573134422302246,0.9936122894287109,-0.9986611943459138,19329.0,0.0,0.8095,0.0,"{'Hagrid', 'Harry'}",Harry Potter Book 1
harry potter book 1,Hagrid,Harry,"Hagrid read his newspaper , the Daily Prophet Harry had learned from Uncle Vernon that people liked to be left alone while they did this",read,"Harry sat and thought about this while Hagrid read his newspaper , the Daily Prophet Harry had learned from Uncle Vernon that people liked to be left alone while they did this , but it was very difficult , he d never had so many questions in his life .",-0.9322605803608894,0.9979761838912964,0.08131146430969238,21459.0,0.2023,-0.5089,0.0,"{'Hagrid', 'Harry'}",Harry Potter Book 1
harry potter book 1,Hagrid,Harry,"Hagrid , clapping his great hand on Harrys shoulder and making Harrys knees buckle",making,"Ca nt , Tom , I m on Hogwarts business , said Hagrid , clapping his great hand on Harrys shoulder and making Harrys knees buckle .",0.5106163024902344,0.9997513294219971,0.07410097122192383,22685.0,0.8074,0.8074,0.0,"{'Hagrid', 'Harry'}",Harry Potter Book 1
harry potter book 1,Hagrid,Harry,Hagrid grinned at Harry,grinned,Hagrid grinned at Harry .,0.9962978363037109,0.9993581771850586,0.9948880672454834,23313.0,0.2732,0.2732,0.2732,"{'Hagrid', 'Harry'}",Harry Potter Book 1
harry potter book 1,Hagrid,Harry,Hagrid helped Harry pile some of it into a bag,helped,Hagrid helped Harry pile some of it into a bag .,-0.952288743108511,0.9997687339782715,-0.9345984011888504,24884.0,0.0,0.0,0.0,"{'Hagrid', 'Harry'}",Harry Potter Book 1
harry potter book 1,Hagrid,Harry,"Hagrid was standing there , grinning at Harry",grinning,"Hagrid was standing there , grinning at Harry and pointing at two large ice creams to show he could nt come in .",0.987175703048706,0.9997403621673584,-0.8970102295279503,25822.0,0.3612,0.3612,0.3612,"{'Hagrid', 'Harry'}",Harry Potter Book 1
harry potter book 1,Hagrid,Harry,Hagrid almost had to drag Harry,drag,"Hagrid almost had to drag Harry away from Curses and Counter - curses - Bewitch Your Friends and Befuddle Your Enemies with the Latest Revenges : Hair Loss , Jelly - Legs , Tongue - Tying and Much , Much More - by Professor Vindictus Viridian .",-0.9769385475665331,-0.9995452442963142,-0.4302612543106079,26718.0,-0.1621,-0.7128,-0.2263,"{'Hagrid', 'Harry'}",Harry Potter Book 1
harry potter book 1,Hagrid,Harry,"Hagrid would nt let Harry buy a solid gold cauldron , either - "" It says pewter on yer list "" -",let,"Hagrid would nt let Harry buy a solid gold cauldron , either - "" It says pewter on yer list "" - , but they got a nice set of scales for weighing potion ingredients and a collapsible brass telescope .",-0.9257736578583717,0.9996669292449951,0.2720586061477661,26843.0,0.1531,0.6124,0.0,"{'Hagrid', 'Harry'}",Harry Potter Book 1
harry potter book 1,Hagrid,Harry,Hagrid asked the man behind the counter for a supply of some basic potion ingredients for Harry,asked,"While Hagrid asked the man behind the counter for a supply of some basic potion ingredients for Harry , Harry himself examined silver unicorn horns at twenty - one Galleons each and minuscule , glittery - black beetle eyes - five Knuts a scoop - .",-0.24932044744491577,0.9990212917327881,-0.3473666310310364,26952.0,0.0,0.1531,0.0,"{'Hagrid', 'Harry'}",Harry Potter Book 1
harry potter book 1,Hagrid,Harry,Hagrid checked Harrys list,checked,"Outside the Apothecary , Hagrid checked Harrys list again .",-0.9824014883488417,0.999545693397522,-0.8433548659086227,26998.0,0.0,0.0,0.0,"{'Hagrid', 'Harry'}",Harry Potter Book 1
harry potter book 1,Hagrid,Harry,Hagrid definitely did nt meet Harrys eyes,definitely,"There was no doubt about it , Hagrid definitely did nt meet Harrys eyes this time .",-0.9991344871232286,0.9997692108154297,-0.9725171942263842,47113.0,0.4019,0.5873,0.4019,"{'Hagrid', 'Harry'}",Harry Potter Book 1
harry potter book 1,Hagrid,Harry,Hagrid know something about Snape that he did nt want to tell Harry,know,And did Hagrid know something about Snape that he did nt want to tell Harry ?,-0.8298797905445099,0.9997642040252686,-0.9946668166667223,47265.0,0.0772,0.0772,0.0,"{'Hagrid', 'Harry'}",Harry Potter Book 1
harry potter book 1,Hagrid,Harry,"Hagrid , raising his binoculars and peering skyward at the speck that was Harry",peering,"Kept outta trouble , though , that s somethin , said Hagrid , raising his binoculars and peering skyward at the speck that was Harry .",0.11510097980499268,0.9990549087524414,0.975356936454773,61613.0,0.0,-0.4019,0.0,"{'Hagrid', 'Harry'}",Harry Potter Book 1
harry potter book 1,Hagrid,Harry,Hagrid seized Harry and Hermione,seized,Hagrid seized Harry and Hermione and hoisted them off the path behind a towering oak .,-0.952128428965807,-0.48061877489089966,-0.3538892865180969,83460.0,0.0,0.0,0.0,"{'Hagrid', 'Harry'}",Harry Potter Book 1
harry potter book 1,Hagrid,Harry,Hagrid added in a whisper to Harry,added,"I m sorry , Hagrid added in a whisper to Harry , but hell have a harder time frighteninyou , anweve got ta get this done .",0.9965871572494507,0.9998056888580322,-0.9291549846529961,84777.0,0.0,-0.8201,0.0,"{'Hagrid', 'Harry'}",Harry Potter Book 1
harry potter book 1,Hagrid,Harry,"Harry , shocked to see Hagrid shaking with grief and remorse , great tears leaking down into his beard",shocked,"said Harry , shocked to see Hagrid shaking with grief and remorse , great tears leaking down into his beard .",0.5743107795715332,-0.5920425355434418,0.689435601234436,101094.0,-0.6249,-0.6249,-0.3182,"{'Hagrid', 'Harry'}",Harry Potter Book 1
harry potter book 1,Hagrid,Hermione,Hagrid seized Harry and Hermione,seized,Hagrid seized Harry and Hermione and hoisted them off the path behind a towering oak .,-0.952128428965807,-0.48061877489089966,-0.3538892865180969,83460.0,0.0,0.0,0.0,"{'Hagrid', 'Hermione'}",Harry Potter Book 1
harry potter book 1,Hagrid,Ron,Hagrid Harry borrowed Rons quill,borrowed,"Hagrid Harry borrowed Rons quill , scribbled Yes , please , see you later on the back of the note , and sent Hedwig off again .",-0.9984511717921123,-0.9995218929252587,-0.853832796216011,45099.0,0.0,0.6124,0.0,"{'Hagrid', 'Ron'}",Harry Potter Book 1
harry potter book 1,Hagrid,Ron,"Hagrid , letting go of Fang , who bounded straight at Ron and started licking his ears",letting,"Make yerselves at home , said Hagrid , letting go of Fang , who bounded straight at Ron and started licking his ears .",-0.22816169261932373,0.9979609251022339,0.8437129259109497,46593.0,0.2263,0.2263,0.0,"{'Hagrid', 'Ron'}",Harry Potter Book 1
harry potter book 1,Hagrid,Ron,"Hagrid , glancing at Rons freckles",glancing,"said Hagrid , glancing at Rons freckles .",-0.9556636400520802,0.9989974498748779,-0.4424630403518677,46665.0,0.0,0.0,0.0,"{'Hagrid', 'Ron'}",Harry Potter Book 1
harry potter book 1,Hagrid,Ron,Hagrid asked Ron,asked,Hagrid asked Ron .,0.37508630752563477,0.9990212917327881,0.10156655311584473,46899.0,0.0,0.0,0.0,"{'Hagrid', 'Ron'}",Harry Potter Book 1
harry potter book 1,Hagrid,Snape,"Hagrid , like Ron , told Harry not to worry about it , that Snape liked hardly any of the students",told,"Hagrid , like Ron , told Harry not to worry about it , that Snape liked hardly any of the students .",-0.9765033815056086,-0.13295823335647583,-0.9701453577727079,46825.0,0.7721,0.7721,0.0,"{'Hagrid', 'Snape'}",Harry Potter Book 1
harry potter book 1,Hagrid,Uncle Vernon,"Hagrid read his newspaper , the Daily Prophet Harry had learned from Uncle Vernon that people liked to be left alone while they did this",read,"Harry sat and thought about this while Hagrid read his newspaper , the Daily Prophet Harry had learned from Uncle Vernon that people liked to be left alone while they did this , but it was very difficult , he d never had so many questions in his life .",-0.9322605803608894,0.9979761838912964,0.08131146430969238,21459.0,0.2023,-0.5089,0.0,"{'Uncle Vernon', 'Hagrid'}",Harry Potter Book 1
harry potter book 1,Hagrid,Yeh,"Yeh are if yeh want ter stay at Hogwarts , said Hagrid",said,"Yeh are if yeh want ter stay at Hogwarts , said Hagrid fiercely .",0.43388831615448,0.9940192699432373,0.4774106740951538,82658.0,0.0772,0.0772,0.0,"{'Hagrid', 'Yeh'}",Harry Potter Book 1
harry potter book 1,Hagrid,Yeh,"There s nothinthat lives in the forest that ll hurt yeh if yer with me or Fang , said Hagrid",said,"There s nothinthat lives in the forest that ll hurt yeh if yer with me or Fang , said Hagrid .",0.5946866273880005,0.9940192699432373,0.6232409477233887,83023.0,-0.5267,-0.5267,0.0,"{'Hagrid', 'Yeh'}",Harry Potter Book 1
harry potter book 1,Harry,Dudley,said that Dudley looked like a baby angel - Harry often said that Dudley looked like a pig in a wig,said,Aunt Petunia often said that Dudley looked like a baby angel - Harry often said that Dudley looked like a pig in a wig .,-0.9743318259716034,0.9940192699432373,-0.9847356304526329,6965.0,0.6124,0.6124,0.0,"{'Dudley', 'Harry'}",Harry Potter Book 1
harry potter book 1,Harry,Dudley,"Harry , who could see a huge Dudley tantrum coming on",see,"Harry , who could see a huge Dudley tantrum coming on , began wolfing down his bacon as fast as possible in case Dudley turned the table over .",-0.9675961881875992,0.9997556209564209,-0.258200466632843,7103.0,-0.128,-0.128,0.0,"{'Dudley', 'Harry'}",Harry Potter Book 1
harry potter book 1,Harry,Dudley,"Harry , who could see a huge Dudley tantrum coming on , began wolfing down his bacon as fast as possible in case Dudley turned the table over",began,"Harry , who could see a huge Dudley tantrum coming on , began wolfing down his bacon as fast as possible in case Dudley turned the table over .",-0.22705113887786865,0.9996174573898315,-0.258200466632843,7103.0,-0.128,-0.128,0.0,"{'Dudley', 'Harry'}",Harry Potter Book 1
harry potter book 1,Harry,Dudley,"Harry and Uncle Vernon watched Dudley unwrap the racing bike , a video camera , a remote control airplane , sixteen new computer games , and a VCR",watched,"At that moment the telephone rang and Aunt Petunia went to answer it while Harry and Uncle Vernon watched Dudley unwrap the racing bike , a video camera , a remote control airplane , sixteen new computer games , and a VCR .",-0.44871407747268677,0.9997744560241699,-0.3622131943702698,7276.0,0.0,0.0,0.0,"{'Dudley', 'Harry'}",Harry Potter Book 1
harry potter book 1,Harry,Dudley,"Aunt Petunia and Dudley , looking terrified at the very sight of Harry",terrified,"Behind him stood Aunt Petunia and Dudley , looking terrified at the very sight of Harry .",-6.467103958129883e-05,-0.9979927209205925,0.7792534828186035,103003.0,-0.6124,-0.6124,-0.6124,"{'Dudley', 'Harry'}",Harry Potter Book 1
harry potter book 1,Harry,Dumbledore,"Harry turned over his card and read : ALBUS DUMBLEDORE CURRENTLY HEADMASTER OF HOGWARTS Considered by many the greatest wizard of modern times , Dumbledore is particularly famous for his defeat of the Dark wizard Grindelwald in 1945 , for the discovery of the twelve uses of dragons blood , and his work on alchemy with his partner , Nicolas Flamel",read,"I might get Agrippa - thanks Harry turned over his card and read : ALBUS DUMBLEDORE CURRENTLY HEADMASTER OF HOGWARTS Considered by many the greatest wizard of modern times , Dumbledore is particularly famous for his defeat of the Dark wizard Grindelwald in 1945 , for the discovery of the twelve uses of dragons blood , and his work on alchemy with his partner , Nicolas Flamel .",0.9692667722702026,0.9979761838912964,0.9639238119125366,34223.0,0.296,0.6249,0.0,"{'Harry', 'Dumbledore'}",Harry Potter Book 1
harry potter book 1,Harry,Dumbledore,"Harry turned the card back over and saw , to his astonishment , that Dumbledores face had disappeared",saw,"Harry turned the card back over and saw , to his astonishment , that Dumbledores face had disappeared .",-0.9819180741906166,0.9969500303268433,-0.9753545559942722,34303.0,-0.2263,-0.2263,0.0,"{'Harry', 'Dumbledore'}",Harry Potter Book 1
harry potter book 1,Harry,Gryffindor,Harry tried to turn back toward the Gryffindor goal posts,tried,Harry tried to turn back toward the Gryffindor goal posts - he had half a mind to ask Wood to call time - out - and then he realized that his broom was completely out of his control .,-0.9783031437546015,0.9995204210281372,-0.9956975099630654,62370.0,0.0,0.0,0.0,"{'Gryffindor', 'Harry'}",Harry Potter Book 1
harry potter book 1,Harry,Hagrid,Harry looked back at Hagrid,looked,"Harry looked back at Hagrid , smiling , and saw that Hagrid was positively beaming at him .",0.9954288005828857,0.9936122894287109,0.9995924234390259,19630.0,0.0,0.7506,0.0,"{'Hagrid', 'Harry'}",Harry Potter Book 1
harry potter book 1,Harry,Hagrid,"Harry looked back at Hagrid , smiling , and saw that Hagrid was positively beaming at him",saw,"Harry looked back at Hagrid , smiling , and saw that Hagrid was positively beaming at him .",0.9996188879013062,0.9969500303268433,0.9995924234390259,19630.0,0.7506,0.7506,0.0,"{'Hagrid', 'Harry'}",Harry Potter Book 1
harry potter book 1,Harry,Hagrid,Harry followed Hagrid,followed,Harry followed Hagrid out onto the rock .,0.9905760288238525,0.9992678165435791,0.9986740350723267,21160.0,0.0,0.0,0.0,"{'Hagrid', 'Harry'}",Harry Potter Book 1
harry potter book 1,Harry,Hagrid,Harry still staring at Hagrid,staring,"They settled down in the boat , Harry still staring at Hagrid , trying to imagine him flying .",-0.03190732002258301,0.9994887113571167,0.1718149185180664,21259.0,0.0,0.0,0.0,"{'Hagrid', 'Harry'}",Harry Potter Book 1
harry potter book 1,Harry,Hagrid,"Hagrid , said Harry",said,"Hagrid , said Harry , panting a bit as he ran to keep up , did you say there are dragons at Gringotts ?",-0.8993339240550995,0.9940192699432373,-0.42852550745010376,21773.0,0.0,0.0,0.0,"{'Hagrid', 'Harry'}",Harry Potter Book 1
harry potter book 1,Harry,Hagrid,Harry had the most peculiar feeling that only he and Hagrid could see it,had,"In fact , Harry had the most peculiar feeling that only he and Hagrid could see it .",-0.09450292587280273,0.9996227025985718,-0.45607203245162964,22553.0,0.3962,0.3962,0.0,"{'Hagrid', 'Harry'}",Harry Potter Book 1
harry potter book 1,Harry,Hagrid,"That s Hagrid , said Harry",said,"That s Hagrid , said Harry , pleased to know something the boy did nt .",-0.6979587078094482,0.9940192699432373,0.9605201482772827,25846.0,0.0,0.4404,0.0,"{'Hagrid', 'Harry'}",Harry Potter Book 1
harry potter book 1,Harry,Hagrid,Harry wanted to watch Hagrid until he was out of sight,wanted,Harry wanted to watch Hagrid until he was out of sight ;,-0.9877211172133684,0.9997777938842773,-0.996338133700192,29204.0,0.0,0.0,0.0,"{'Hagrid', 'Harry'}",Harry Potter Book 1
harry potter book 1,Harry,Hagrid,Harry wanted to watch Hagrid,watch,Harry wanted to watch Hagrid until he was out of sight ;,0.9991968870162964,0.9997692108154297,-0.996338133700192,29204.0,0.0,0.0,0.0,"{'Hagrid', 'Harry'}",Harry Potter Book 1
harry potter book 1,Harry,Hagrid,Harry and Ron were delighted to hear Hagrid call Filch that old git,hear,Harry and Ron were delighted to hear Hagrid call Filch that old git .,0.8935142755508423,0.9997754096984863,0.9457335472106934,46742.0,0.5106,0.5106,0.0,"{'Hagrid', 'Harry'}",Harry Potter Book 1
harry potter book 1,Harry,Hagrid,Harry could nt help thinking that Hagrid did nt quite meet his eyes when he said that,help,Yet Harry could nt help thinking that Hagrid did nt quite meet his eyes when he said that .,-0.9961408267263323,0.9985653162002563,-0.9855543030425906,46869.0,0.4019,0.4019,0.4019,"{'Hagrid', 'Harry'}",Harry Potter Book 1
harry potter book 1,Harry,Hagrid,Harry could nt help thinking that Hagrid did nt quite meet his eyes when he said that,thinking,Yet Harry could nt help thinking that Hagrid did nt quite meet his eyes when he said that .,-0.9961408267263323,0.9997856616973877,-0.9855543030425906,46869.0,0.4019,0.4019,0.0,"{'Hagrid', 'Harry'}",Harry Potter Book 1
harry potter book 1,Harry,Hagrid,Harry wondered if Hagrid had changed the subject on purpose,wondered,Harry wondered if Hagrid had changed the subject on purpose .,-0.998998595867306,0.18416285514831543,-0.9988530743867159,46915.0,0.0,0.0,0.0,"{'Hagrid', 'Harry'}",Harry Potter Book 1
harry potter book 1,Harry,Hagrid,"Harry and Ron walked back to the castle for dinner , their pockets weighed down with rock cakes they d been too polite to refuse , Harry thought that none of the lessons he d had so far had given him as much to think about as tea with Hagrid",thought,"As Harry and Ron walked back to the castle for dinner , their pockets weighed down with rock cakes they d been too polite to refuse , Harry thought that none of the lessons he d had so far had given him as much to think about as tea with Hagrid .",-0.9969355568755418,0.9996993541717529,-0.9983542272821069,47197.0,-0.296,-0.296,0.0,"{'Hagrid', 'Harry'}",Harry Potter Book 1
harry potter book 1,Harry,Hagrid,"Harry watched Hagrid getting redder and redder in the face as he called for more wine , finally kissing Professor McGonagall on the cheek , who , to Harrys amazement , giggled and blushed , her top hat lopsided",watched,"Harry watched Hagrid getting redder and redder in the face as he called for more wine , finally kissing Professor McGonagall on the cheek , who , to Harrys amazement , giggled and blushed , her top hat lopsided .",0.9040905237197876,0.9997744560241699,0.8996551036834717,67107.0,0.8885,0.8885,0.0,"{'Hagrid', 'Harry'}",Harry Potter Book 1
harry potter book 1,Harry,Hagrid,Harry saw that Hagrid looked very worried,saw,Harry saw that Hagrid looked very worried .,-0.46298879384994507,0.9969500303268433,-0.6638756990432739,83319.0,-0.3597,-0.3597,0.0,"{'Hagrid', 'Harry'}",Harry Potter Book 1
harry potter book 1,Harry,Hagrid,"Harry , shocked to see Hagrid shaking with grief and remorse , great tears leaking down into his beard",see,"said Harry , shocked to see Hagrid shaking with grief and remorse , great tears leaking down into his beard .",0.5743107795715332,0.9997556209564209,0.689435601234436,101094.0,-0.6249,-0.6249,0.0,"{'Hagrid', 'Harry'}",Harry Potter Book 1
harry potter book 1,Harry,Hermione,Harry heard Hermione snap,heard,"You re saying it wrong , Harry heard Hermione snap .",-0.5005000829696655,0.9997379779815674,-0.996683246223256,56702.0,0.0,-0.4767,0.0,"{'Hermione', 'Harry'}",Harry Potter Book 1
harry potter book 1,Harry,Hermione,Harry and Ron overheard Parvati Patil telling her friend Lavender that Hermione was crying in the girls bathroom and wanted to be left alone,overheard,"On their way down to the Great Hall for the Halloween feast , Harry and Ron overheard Parvati Patil telling her friend Lavender that Hermione was crying in the girls bathroom and wanted to be left alone .",-0.8819436654448509,-0.999239849159494,-0.7642050981521606,56958.0,-0.2263,0.4939,0.0,"{'Hermione', 'Harry'}",Harry Potter Book 1
harry potter book 1,Harry,Hermione,Harry now had Hermione,had,It was really lucky that Harry now had Hermione as a friend .,0.999708890914917,0.9996227025985718,0.9997375011444092,59558.0,0.0,0.7425,0.0,"{'Hermione', 'Harry'}",Harry Potter Book 1
harry potter book 1,Harry,Hermione,"Harry headed straight back to the Gryffindor common room , where he found Ron and Hermione playing chess",headed,"The rest of the team hung back to talk to one another as usual at the end of practice , but Harry headed straight back to the Gryffindor common room , where he found Ron and Hermione playing chess .",-0.13360697031021118,0.9992128610610962,-0.11487621068954468,71437.0,0.4019,0.5499,0.0,"{'Hermione', 'Harry'}",Harry Potter Book 1
harry potter book 1,Harry,Hermione,"Harry felt in the pocket of his robes and pulled out a Chocolate Frog , the very last one from the box Hermione had given him for Christmas",pulled,"Harry felt in the pocket of his robes and pulled out a Chocolate Frog , the very last one from the box Hermione had given him for Christmas .",0.16589903831481934,0.9916491508483887,0.13303887844085693,71909.0,0.0,0.0,0.0,"{'Hermione', 'Harry'}",Harry Potter Book 1
harry potter book 1,Harry,Hermione,"Harry knew , when they wished him good luck outside the locker rooms the next afternoon , that Ron and Hermione were wondering whether they d ever see him alive again",knew,"Harry knew , when they wished him good luck outside the locker rooms the next afternoon , that Ron and Hermione were wondering whether they d ever see him alive again .",-0.8673522919416428,0.999701738357544,-0.8531065434217453,73014.0,0.8176,0.8176,0.0,"{'Hermione', 'Harry'}",Harry Potter Book 1
harry potter book 1,Harry,Hermione,Little did Harry know that Ron and Hermione had been secretly practicing the Leg - Locker Curse,Little,Little did Harry know that Ron and Hermione had been secretly practicing the Leg - Locker Curse .,-0.14987140893936157,0.9272763729095459,-0.22110998630523682,73126.0,-0.5423,-0.5423,0.0,"{'Hermione', 'Harry'}",Harry Potter Book 1
harry potter book 1,Harry,Hermione,Harry and Ron beamed at Hermione,beamed,Harry and Ron beamed at Hermione .,0.9996525049209595,0.9997148513793945,0.9996448755264282,76540.0,0.0,0.0,0.0,"{'Hermione', 'Harry'}",Harry Potter Book 1
harry potter book 1,Harry,Hermione,Harry knew Ron and Hermione were thinking the same as he was,knew,Harry knew Ron and Hermione were thinking the same as he was .,0.9826685190200806,0.999701738357544,0.9785600900650024,76677.0,0.0,0.0,0.0,"{'Hermione', 'Harry'}",Harry Potter Book 1
harry potter book 1,Harry,Hermione,Harry told Hermione,told,"Its too late to change the plan now , Harry told Hermione .",0.9923423528671265,-0.13295823335647583,-0.9856128189712763,78944.0,0.0,0.0,0.0,"{'Hermione', 'Harry'}",Harry Potter Book 1
harry potter book 1,Harry,Hermione,Harry began to tell him and Hermione what had happened in the forest,began,"In a matter of seconds , though , he was wide - eyed as Harry began to tell him and Hermione what had happened in the forest .",0.9947893619537354,0.9996174573898315,0.9985474348068237,86390.0,0.0,0.0258,0.0,"{'Hermione', 'Harry'}",Harry Potter Book 1
harry potter book 1,Harry,Hermione,"Harry had just said , At least Hermiones on Snapes tail",just,"Harry had just said , At least Hermiones on Snapes tail , when the portrait of the Fat Lady swung open and Hermione came in .",-0.12858331203460693,0.9976705312728882,0.987008810043335,89519.0,0.0,0.0,0.0,"{'Hermione', 'Harry'}",Harry Potter Book 1
harry potter book 1,Harry,Hermione,"Lucky you pay attention in Herbology , Hermione , said Harry",said,"Lucky you pay attention in Herbology , Hermione , said Harry as he joined her by the wall , wiping sweat off his face .",0.9950690269470215,0.9940192699432373,0.9875662326812744,92542.0,0.34,0.34,0.0,"{'Hermione', 'Harry'}",Harry Potter Book 1
harry potter book 1,Harry,Malfoy,"Harry caught sight of Malfoy , Crabbe , and Goyles triumphant faces",caught,"Harry caught sight of Malfoy , Crabbe , and Goyles triumphant faces as he left , walking numbly in Professor McGonagalls wake as she strode toward the castle .",0.9988276958465576,0.9996422529220581,-0.7691487520933151,49490.0,0.5267,0.25,0.0,"{'Malfoy', 'Harry'}",Harry Potter Book 1
harry potter book 1,Harry,Malfoy,"Harry , fighting not to laugh at the look of horror on Malfoys face",fighting,"A Nimbus Two Thousand , sir , said Harry , fighting not to laugh at the look of horror on Malfoys face .",0.9974478483200073,-0.9995216207171325,0.9881254434585571,54598.0,-0.8452,-0.8452,-0.3612,"{'Malfoy', 'Harry'}",Harry Potter Book 1
harry potter book 1,Harry,Malfoy,"Harry , fighting not to laugh at the look of horror on Malfoys face",laugh,"A Nimbus Two Thousand , sir , said Harry , fighting not to laugh at the look of horror on Malfoys face .",0.9974478483200073,0.9997575283050537,0.9881254434585571,54598.0,-0.8452,-0.8452,0.5574,"{'Malfoy', 'Harry'}",Harry Potter Book 1
harry potter book 1,Harry,Malfoy,"Harry and Ron headed upstairs , smothering their laughter at Malfoys obvious rage and confusion",smothering,"Harry and Ron headed upstairs , smothering their laughter at Malfoys obvious rage and confusion .",-0.3903360962867737,-0.9672462493181229,-0.3857930302619934,54647.0,-0.6124,-0.6124,-0.34,"{'Malfoy', 'Harry'}",Harry Potter Book 1
harry potter book 1,Harry,Malfoy,"You re worth twelve of Malfoy , Harry said",said,"You re worth twelve of Malfoy , Harry said .",0.9992069005966187,0.9940192699432373,0.9994100332260132,71952.0,0.2263,0.2263,0.0,"{'Malfoy', 'Harry'}",Harry Potter Book 1
harry potter book 1,Harry,Malfoy,Harry did nt like the look on Malfoys face,like,Harry did nt like the look on Malfoys face at all .,-0.9993341792142019,0.9997842311859131,-0.9993693390279077,77421.0,0.3612,0.3612,0.3612,"{'Malfoy', 'Harry'}",Harry Potter Book 1
harry potter book 1,Harry,Malfoy,"Harry had also forgotten that Malfoy had gotten a detention , too",forgotten,"Harry had also forgotten that Malfoy had gotten a detention , too .",-0.39370453357696533,-0.9994903210899793,-0.4545446038246155,81969.0,-0.5267,-0.5267,-0.2263,"{'Malfoy', 'Harry'}",Harry Potter Book 1
harry potter book 1,Harry,Neville,Harry shook his head violently to shut Neville,shut,"I was trying to find you to warn you , I heard Malfoy saying he was going to catch you , he said you had a drag - Harry shook his head violently to shut Neville up , but Professor McGonagall had seen .",-0.9971823962405324,-0.999502113496419,-0.7673624008893967,80067.0,-0.6369,-0.5023,0.0,"{'Neville', 'Harry'}",Harry Potter Book 1
harry potter book 1,Harry,Neville,Harry caught Nevilles eye,caught,"Harry caught Nevilles eye and tried to tell him without words that this was nt true , because Neville was looking stunned and hurt .",0.9997477531433105,0.9996422529220581,-0.7006835043430328,80289.0,0.0,-0.25,0.0,"{'Neville', 'Harry'}",Harry Potter Book 1
harry potter book 1,Harry,Neville,"Harry caught Nevilles eye and tried to tell him without words that this was nt true , because Neville was looking stunned and hurt",tried,"Harry caught Nevilles eye and tried to tell him without words that this was nt true , because Neville was looking stunned and hurt .",-0.7032859623432159,0.9995204210281372,-0.7006835043430328,80289.0,-0.25,-0.25,0.0,"{'Neville', 'Harry'}",Harry Potter Book 1
harry potter book 1,Harry,Neville,"Nothing , Neville , nothing , said Harry",said,"Nothing , Neville , nothing , said Harry , hurriedly putting the cloak behind his back .",-0.9163303002715111,0.9940192699432373,-0.8531197905540466,90350.0,0.0,0.0,0.0,"{'Neville', 'Harry'}",Harry Potter Book 1
harry potter book 1,Harry,Quirrell,Harry could see Quirrell,see,"It was almost dark now , but Harry could see Quirrell , standing quite still as though he was petrified .",0.9995514154434204,0.9997556209564209,0.8601469993591309,74828.0,0.0,-0.6956,0.0,"{'Quirrell', 'Harry'}",Harry Potter Book 1
harry potter book 1,Harry,Quirrell,Harry did nt think Quirrell had even noticed him,think,Harry did nt think Quirrell had even noticed him .,-0.9755008611828089,0.999706506729126,-0.9505994729697704,81316.0,0.0,0.0,0.0,"{'Quirrell', 'Harry'}",Harry Potter Book 1
harry potter book 1,Harry,Quirrell,Harry realized what was standing behind Quirrell,realized,It was only then that Harry realized what was standing behind Quirrell .,0.9840701818466187,0.9997274875640869,0.8630564212799072,96185.0,0.0,0.0,0.0,"{'Quirrell', 'Harry'}",Harry Potter Book 1
harry potter book 1,Harry,Quirrell,Harry could think of doing was to keep Quirrell talking,keep,All Harry could think of doing was to keep Quirrell talking and stop him from concentrating on the mirror .,0.2225269079208374,0.9997177124023438,-0.9297483563423157,96266.0,0.0,-0.296,0.0,"{'Quirrell', 'Harry'}",Harry Potter Book 1
harry potter book 1,Harry,Quirrell,Harry felt Quirrells hand close on his wrist,felt,"and the next second , Harry felt Quirrells hand close on his wrist .",0.998283863067627,0.9997539520263672,0.7816978693008423,97844.0,0.4939,0.4939,0.0,"{'Quirrell', 'Harry'}",Harry Potter Book 1
harry potter book 1,Harry,Quirrell,"Harry , by instinct , reached up and grabbed Quirrells face",grabbed,"Quirrell raised his hand to perform a deadly curse , but Harry , by instinct , reached up and grabbed Quirrells face - AAAARGH !",0.9995192289352417,0.9996112585067749,-0.5289911031723022,98075.0,0.1027,0.1882,0.0,"{'Quirrell', 'Harry'}",Harry Potter Book 1
harry potter book 1,Harry,Quirrell,"Harry knew : Quirrell could nt touch his bare skin , not without suffering terrible pain - his only chance was to keep hold of Quirrell , keep him in enough pain to stop him from doing a curse",knew,"Quirrell rolled off him , his face blistering , too , and then Harry knew : Quirrell could nt touch his bare skin , not without suffering terrible pain - his only chance was to keep hold of Quirrell , keep him in enough pain to stop him from doing a curse .",-0.4747927188873291,0.999701738357544,-0.7804705202579498,98103.0,-0.8224,-0.8224,0.0,"{'Quirrell', 'Harry'}",Harry Potter Book 1
harry potter book 1,Harry,Quirrell,"Harry jumped to his feet , caught Quirrell",caught,"Harry jumped to his feet , caught Quirrell by the arm , and hung on as tight as he could .",0.9996386766433716,0.9996422529220581,0.9989026784896851,98158.0,0.0,0.0,0.0,"{'Quirrell', 'Harry'}",Harry Potter Book 1
harry potter book 1,Harry,Quirrell,Harry told them everything : Quirrell,told,Harry told them everything : Quirrell ;,-0.8956068605184555,-0.13295823335647583,-0.9288393780589104,100355.0,0.0,0.0,0.0,"{'Quirrell', 'Harry'}",Harry Potter Book 1
harry potter book 1,Harry,Quirrell,Harry told them what was under Quirrells turban,told,"they gasped in all the right places , and when Harry told them what was under Quirrells turban , Hermione screamed out loud .",0.996740460395813,-0.13295823335647583,0.9992873668670654,100380.0,0.0,-0.3182,0.0,"{'Quirrell', 'Harry'}",Harry Potter Book 1
harry potter book 1,Harry,Ron,Harry asked Ron,asked,"Harry asked Ron , holding up a pack of Chocolate Frogs .",0.9985681772232056,0.9990212917327881,0.39522433280944824,34025.0,0.0,0.0,0.0,"{'Ron', 'Harry'}",Harry Potter Book 1
harry potter book 1,Harry,Ron,"Harry got toast , coconut , baked bean , strawberry , curry , grass , coffee , sardine , and was even brave enough to nibble the end off a funny gray one Ron would nt touch , which turned out to be pepper",nibble,"Harry got toast , coconut , baked bean , strawberry , curry , grass , coffee , sardine , and was even brave enough to nibble the end off a funny gray one Ron would nt touch , which turned out to be pepper .",0.43419504165649414,-0.9830728489905596,0.36153101921081543,34659.0,0.743,0.743,0.0,"{'Ron', 'Harry'}",Harry Potter Book 1
harry potter book 1,Harry,Ron,Harry could see Rons twin brothers catcalling,see,Harry could see Rons twin brothers catcalling .,-0.9541838727891445,0.9997556209564209,-0.9506441839039326,39759.0,0.0,0.0,0.0,"{'Ron', 'Harry'}",Harry Potter Book 1
harry potter book 1,Harry,Ron,Harry and Ron managed to get on the wrong side of him on their very first morning,managed,Harry and Ron managed to get on the wrong side of him on their very first morning .,-0.9986159763066098,0.9978777170181274,-0.9984699315391481,43882.0,-0.4767,-0.4767,0.0,"{'Ron', 'Harry'}",Harry Potter Book 1
harry potter book 1,Harry,Ron,"This is Ron , Harry told",told,"This is Ron , Harry told Hagrid , who was pouring boiling water into a large teapot and putting rock cakes onto a plate .",0.948689341545105,-0.13295823335647583,-0.9238230213522911,46632.0,0.0,0.0,0.0,"{'Ron', 'Harry'}",Harry Potter Book 1
harry potter book 1,Harry,Ron,Harry remembered Ron telling him on the train that someone had tried to rob Gringotts,remembered,"Harry remembered Ron telling him on the train that someone had tried to rob Gringotts , but Ron had nt mentioned the date .",-0.3769426941871643,0.9997444152832031,-0.8111157268285751,47059.0,-0.5574,-0.3182,0.0,"{'Ron', 'Harry'}",Harry Potter Book 1
harry potter book 1,Harry,Ron,Harry had caught Ron prodding Deans poster of West Ham soccer team,caught,"Harry had caught Ron prodding Deans poster of West Ham soccer team , trying to make the players move .",0.30966460704803467,0.9996422529220581,-0.1843070387840271,47625.0,0.0,0.0,0.0,"{'Ron', 'Harry'}",Harry Potter Book 1
harry potter book 1,Harry,Ron,Harry had just finished telling Ron what had happened when he d left the grounds with Professor McGonagall,just,Harry had just finished telling Ron what had happened when he d left the grounds with Professor McGonagall .,-0.8590625077486038,0.9976705312728882,-0.8642273098230362,50274.0,0.0,0.0,0.0,"{'Ron', 'Harry'}",Harry Potter Book 1
harry potter book 1,Harry,Ron,Harry filled Ron,filled,"In the meantime , Harry filled Ron in about the package that seemed to have been moved from Gringotts to Hogwarts , and they spent a lot of time wondering what could possibly need such heavy protection .",0.9979085922241211,0.9997107982635498,-0.8538959175348282,53913.0,0.0,0.0,0.0,"{'Ron', 'Harry'}",Harry Potter Book 1
harry potter book 1,Harry,Ron,McGonagall Harry had difficulty hiding his glee as he handed the note to Ron to read,had,McGonagall Harry had difficulty hiding his glee as he handed the note to Ron to read .,0.9981189966201782,0.9996227025985718,0.9982501268386841,54275.0,0.1531,0.1531,0.0,"{'Ron', 'Harry'}",Harry Potter Book 1
harry potter book 1,Harry,Ron,Harry suddenly grabbed Rons arm,grabbed,"As they jostled their way through a crowd of confused Hufflepuffs , Harry suddenly grabbed Rons arm .",0.9927363395690918,0.9996112585067749,0.9412403106689453,57305.0,0.0,-0.3182,0.0,"{'Ron', 'Harry'}",Harry Potter Book 1
harry potter book 1,Harry,Ron,Harry said desperately to Ron,said,"Harry said desperately to Ron , and , seizing a tap , he threw it as hard as he could against the wall .",0.2411949634552002,0.9940192699432373,-0.9632810279726982,57973.0,-0.3818,-0.4588,0.0,"{'Ron', 'Harry'}",Harry Potter Book 1
harry potter book 1,Harry,Ron,"Harry looked at Ron , who was still standing with his wand in the air",looked,"Harry looked at Ron , who was still standing with his wand in the air .",0.9554803371429443,0.9936122894287109,0.9686921834945679,58697.0,0.0,0.0,0.0,"{'Ron', 'Harry'}",Harry Potter Book 1
harry potter book 1,Harry,Ron,"Harry , laughing at how pleased Ron was",laughing,"You can keep it , said Harry , laughing at how pleased Ron was .",0.9996769428253174,0.9997422695159912,0.999510645866394,65979.0,0.7269,0.7269,0.4939,"{'Ron', 'Harry'}",Harry Potter Book 1
harry potter book 1,Harry,Ron,"Harry headed straight back to the Gryffindor common room , where he found Ron and Hermione playing chess",headed,"The rest of the team hung back to talk to one another as usual at the end of practice , but Harry headed straight back to the Gryffindor common room , where he found Ron and Hermione playing chess .",-0.13360697031021118,0.9992128610610962,-0.11487621068954468,71437.0,0.4019,0.5499,0.0,"{'Ron', 'Harry'}",Harry Potter Book 1
harry potter book 1,Harry,Ron,"Harry knew , when they wished him good luck outside the locker rooms the next afternoon , that Ron and Hermione were wondering whether they d ever see him alive again",knew,"Harry knew , when they wished him good luck outside the locker rooms the next afternoon , that Ron and Hermione were wondering whether they d ever see him alive again .",-0.8673522919416428,0.999701738357544,-0.8531065434217453,73014.0,0.8176,0.8176,0.0,"{'Ron', 'Harry'}",Harry Potter Book 1
harry potter book 1,Harry,Ron,Little did Harry know that Ron and Hermione had been secretly practicing the Leg - Locker Curse,Little,Little did Harry know that Ron and Hermione had been secretly practicing the Leg - Locker Curse .,-0.14987140893936157,0.9272763729095459,-0.22110998630523682,73126.0,-0.5423,-0.5423,0.0,"{'Ron', 'Harry'}",Harry Potter Book 1
harry potter book 1,Harry,Ron,Harry knew Ron and Hermione were thinking the same as he was,knew,Harry knew Ron and Hermione were thinking the same as he was .,0.9826685190200806,0.999701738357544,0.9785600900650024,76677.0,0.0,0.0,0.0,"{'Ron', 'Harry'}",Harry Potter Book 1
harry potter book 1,Harry,Ron,Harry and Hermione rushed up to the hospital wing at the end of the day to find Ron in a terrible state in bed,find,Harry and Hermione rushed up to the hospital wing at the end of the day to find Ron in a terrible state in bed .,-0.9907398167997599,0.9998013973236084,-0.9820619616657495,78685.0,-0.4767,-0.4767,0.0,"{'Ron', 'Harry'}",Harry Potter Book 1
harry potter book 1,Harry,Ron,Harry and Hermione tried to calm Ron down,tried,Harry and Hermione tried to calm Ron down .,-0.7720138728618622,0.9995204210281372,-0.7256390154361725,78813.0,0.3182,0.3182,0.0,"{'Ron', 'Harry'}",Harry Potter Book 1
harry potter book 1,Harry,Ron,Harry and Hermione tried to calm Ron,calm,Harry and Hermione tried to calm Ron down .,-0.754973903298378,0.9997174739837646,-0.7256390154361725,78813.0,0.3182,0.3182,0.3182,"{'Ron', 'Harry'}",Harry Potter Book 1
harry potter book 1,Harry,Ron,"Harry , who was still playing the flute , waved at Ron",waved,"Harry , who was still playing the flute , waved at Ron to get his attention and pointed at himself .",0.9977709054946899,0.9953770637512207,-0.10140383243560791,91750.0,0.2023,0.2023,0.0,"{'Ron', 'Harry'}",Harry Potter Book 1
harry potter book 1,Harry,Ron,"Harry and Hermione stayed quiet , watching Ron think",watching,"Harry and Hermione stayed quiet , watching Ron think .",-0.8615025132894516,0.9997916221618652,-0.8163307756185532,93763.0,0.0,0.0,0.0,"{'Ron', 'Harry'}",Harry Potter Book 1
harry potter book 1,Harry,Ron,"Harry , still cheering , nudged Ron",still cheering,"Harry , still cheering , nudged Ron in the ribs and pointed at Malfoy , who could nt have looked more stunned and horrified if he d just had the Body - Bind Curse put on him .",0.9965510368347168,0.999769926071167,0.5474534034729004,102202.0,0.5106,-0.6865,0.5106,"{'Ron', 'Harry'}",Harry Potter Book 1
harry potter book 1,Harry,Snape,Harry watched Snape,watched,"Harry watched Snape for a while , but Snape did nt look at him again .",0.9974428415298462,0.9997744560241699,-0.996453664265573,42199.0,0.0,0.0,0.0,"{'Snape', 'Harry'}",Harry Potter Book 1
harry potter book 1,Harry,Snape,Harry had gotten the idea that Professor Snape disliked him,gotten,"At the start - of - term banquet , Harry had gotten the idea that Professor Snape disliked him .",-0.989748808555305,0.9997348785400391,-0.9857513420283794,45161.0,-0.4019,-0.4019,0.0,"{'Snape', 'Harry'}",Harry Potter Book 1
harry potter book 1,Harry,Snape,Harry told Hagrid about Snapes lesson,told,Harry told Hagrid about Snapes lesson .,-0.7173778712749481,-0.13295823335647583,-0.7101468443870544,46815.0,0.0,0.0,0.0,"{'Snape', 'Harry'}",Harry Potter Book 1
harry potter book 1,Harry,Snape,Harry noticed at once that Snape was limping,noticed,Harry noticed at once that Snape was limping .,-0.9970319110434502,0.9997565746307373,-0.9928621235303581,59788.0,0.0,0.0,0.0,"{'Snape', 'Harry'}",Harry Potter Book 1
harry potter book 1,Harry,Snape,Harry had an idea that Snape would nt refuse if there were other teachers listening,had,"Better you than me , they said together , but Harry had an idea that Snape would nt refuse if there were other teachers listening .",0.9417921304702759,0.9996227025985718,0.4678429365158081,60082.0,-0.296,-0.2144,0.0,"{'Snape', 'Harry'}",Harry Potter Book 1
harry potter book 1,Harry,Snape,"Harry had just said , At least Hermiones on Snapes tail",just,"Harry had just said , At least Hermiones on Snapes tail , when the portrait of the Fat Lady swung open and Hermione came in .",-0.12858331203460693,0.9976705312728882,0.987008810043335,89519.0,0.0,0.0,0.0,"{'Snape', 'Harry'}",Harry Potter Book 1
harry potter book 1,Harry,Snape,Harrys eye and Harry knew at once that Snapes feelings toward him had nt changed one jot,knew,He caught Harrys eye and Harry knew at once that Snapes feelings toward him had nt changed one jot .,-0.8895743191242218,0.999701738357544,0.09969580173492432,102327.0,0.0,0.0,0.0,"{'Snape', 'Harry'}",Harry Potter Book 1
harry potter book 1,Harry,Uncle Vernon,Harry could see Uncle Vernons shiny black shoes pacing up and down the kitchen,see,Tell them we do nt want - Harry could see Uncle Vernons shiny black shoes pacing up and down the kitchen .,0.3845289945602417,0.9997556209564209,-0.9985683964332566,12101.0,0.0,0.0772,0.0,"{'Uncle Vernon', 'Harry'}",Harry Potter Book 1
harry potter book 1,Harry,Uncle Vernon,"Uncle Vernon had to wrestle Dudley to the ground to get the letter from him , which was made difficult by the fact that Harry had grabbed",grabbed,"Uncle Vernon had to wrestle Dudley to the ground to get the letter from him , which was made difficult by the fact that Harry had grabbed Uncle Vernon around the neck from behind .",-0.7872163206338882,0.9996112585067749,-0.9393945559859276,12912.0,-0.3612,-0.3612,0.0,"{'Uncle Vernon', 'Harry'}",Harry Potter Book 1
harry potter book 1,Harry,Uncle Vernon,"Harry thought this was strangely kind until Uncle Vernon stopped dead , facing the platforms with a nasty grin on his face",thought,"Harry thought this was strangely kind until Uncle Vernon stopped dead , facing the platforms with a nasty grin on his face .",0.0004942417144775391,0.9996993541717529,0.036669254302978516,30035.0,-0.6705,-0.6705,0.0,"{'Uncle Vernon', 'Harry'}",Harry Potter Book 1
harry potter book 1,Hermione,Hagrid,"Hermione argued all the way to Herbology and in the end , Hermione agreed to run down to Hagrids with the other two during morning break",agreed,"Ron and Hermione argued all the way to Herbology and in the end , Hermione agreed to run down to Hagrids with the other two during morning break .",-0.015468895435333252,0.9993739128112793,-0.19158172607421875,77436.0,-0.1027,-0.1027,0.2732,"{'Hagrid', 'Hermione'}",Harry Potter Book 1
harry potter book 1,Hermione,Hagrid,"Hermione argued all the way to Herbology and in the end , Hermione agreed to run down to Hagrids",run,"Ron and Hermione argued all the way to Herbology and in the end , Hermione agreed to run down to Hagrids with the other two during morning break .",0.12463152408599854,-0.9993869769386947,-0.19158172607421875,77436.0,-0.1027,-0.1027,0.0,"{'Hagrid', 'Hermione'}",Harry Potter Book 1
harry potter book 1,Hermione,Hagrid,Hermione grabbed Hagrids arm,grabbed,They had just passed a bend in the path when Hermione grabbed Hagrids arm .,0.9872186183929443,0.9996112585067749,0.7192155122756958,84491.0,0.0,0.0,0.0,"{'Hagrid', 'Hermione'}",Harry Potter Book 1
harry potter book 1,Hermione,Harry,Harry and Ron were followed into their boat by Neville and Hermione,followed,Harry and Ron were followed into their boat by Neville and Hermione .,0.799593448638916,0.9992678165435791,0.6478216648101807,37494.0,0.0,0.0,0.0,"{'Hermione', 'Harry'}",Harry Potter Book 1
harry potter book 1,Hermione,Harry,Hermione ignored him and spoke to Harry,spoke,Hermione ignored him and spoke to Harry .,-0.520533561706543,0.9959455728530884,-0.45461517572402954,51004.0,-0.3182,-0.3182,0.0,"{'Hermione', 'Harry'}",Harry Potter Book 1
harry potter book 1,Hermione,Harry,Hermione was now refusing to speak to Harry and Ron,refusing,"Hermione was now refusing to speak to Harry and Ron , but she was such a bossy know - it - all that they saw this as an added bonus .",-0.9937695949338377,-0.8647247105836868,-0.49417150020599365,54040.0,-0.4019,0.5994,-0.4019,"{'Hermione', 'Harry'}",Harry Potter Book 1
harry potter book 1,Hermione,Harry,Hermione was now refusing to speak to Harry and Ron,speak,"Hermione was now refusing to speak to Harry and Ron , but she was such a bossy know - it - all that they saw this as an added bonus .",-0.9937695949338377,0.9991379976272583,-0.49417150020599365,54040.0,-0.4019,0.5994,0.0,"{'Hermione', 'Harry'}",Harry Potter Book 1
harry potter book 1,Hermione,Harry,"Hermione was stomping up the stairs , looking disapprovingly at the package in Harrys hand",looking,"Hermione was stomping up the stairs , looking disapprovingly at the package in Harrys hand .",-0.9795173481106758,0.9996346235275269,-0.9766027256846428,54735.0,0.4939,0.4939,0.0,"{'Hermione', 'Harry'}",Harry Potter Book 1
harry potter book 1,Hermione,Harry,Hermione was checking Harry and Rons Charms homework,checking,Hermione was checking Harry and Rons Charms homework for them .,0.004629731178283691,0.999405026435852,0.051090359687805176,59987.0,0.4404,0.4404,0.0,"{'Hermione', 'Harry'}",Harry Potter Book 1
harry potter book 1,Hermione,Harry,"Hermione , who had all her fingers crossed in her lap , was squinting fixedly at Harry , who was circling the game like a hawk , looking for the Snitch",squinting,"Hermione , who had all her fingers crossed in her lap , was squinting fixedly at Harry , who was circling the game like a hawk , looking for the Snitch .",0.830674409866333,-0.7236635386943817,0.8494776487350464,73508.0,0.3612,0.3612,0.0,"{'Hermione', 'Harry'}",Harry Potter Book 1
harry potter book 1,Hermione,Harry,"Hermione had now started making study schedules for Harry and Ron , too",started,"Hermione had now started making study schedules for Harry and Ron , too .",-0.296877920627594,0.9997689723968506,-0.3324703574180603,77267.0,0.0,0.0,0.0,"{'Hermione', 'Harry'}",Harry Potter Book 1
harry potter book 1,Hermione,Harry,Hermione had now started making study schedules for Harry and Ron,making,"Hermione had now started making study schedules for Harry and Ron , too .",0.12501931190490723,0.9997513294219971,-0.3324703574180603,77267.0,0.0,0.0,0.0,"{'Hermione', 'Harry'}",Harry Potter Book 1
harry potter book 1,Hermione,Harry,"You re right , Harry , said Hermione",said,"You re right , Harry , said Hermione in a small voice .",0.9993898868560791,0.9940192699432373,0.9990358352661133,89903.0,0.0,0.0,0.0,"{'Hermione', 'Harry'}",Harry Potter Book 1
harry potter book 1,Hermione,Malfoy,"Malfoy tricked you , Hermione said",said,"Malfoy tricked you , Hermione said to Harry .",-0.9966076428536326,0.9940192699432373,-0.9911624249070883,52611.0,-0.1531,-0.1531,0.0,"{'Malfoy', 'Hermione'}",Harry Potter Book 1
harry potter book 1,Hermione,Neville,"Ron and Hermione joined Neville , Seamus , and Dean the West Ham fan",joined,"Ron and Hermione joined Neville , Seamus , and Dean the West Ham fan up in the top row .",0.9974621534347534,0.9997825622558594,0.9985802173614502,60752.0,0.3182,0.4767,0.0,"{'Neville', 'Hermione'}",Harry Potter Book 1
harry potter book 1,Hermione,Neville,Hermione urged Neville,urged,Hermione urged Neville .,0.9981694221496582,0.996758222579956,0.9978779554367065,71802.0,0.0,0.0,0.0,"{'Neville', 'Hermione'}",Harry Potter Book 1
harry potter book 1,Hermione,Ron,Harry and Ron were followed into their boat by Neville and Hermione,followed,Harry and Ron were followed into their boat by Neville and Hermione .,0.799593448638916,0.9992678165435791,0.6478216648101807,37494.0,0.0,0.0,0.0,"{'Ron', 'Hermione'}",Harry Potter Book 1
harry potter book 1,Hermione,Ron,Hermione was now refusing to speak to Harry and Ron,refusing,"Hermione was now refusing to speak to Harry and Ron , but she was such a bossy know - it - all that they saw this as an added bonus .",-0.9937695949338377,-0.8647247105836868,-0.49417150020599365,54040.0,-0.4019,0.5994,-0.4019,"{'Ron', 'Hermione'}",Harry Potter Book 1
harry potter book 1,Hermione,Ron,Hermione was now refusing to speak to Harry and Ron,speak,"Hermione was now refusing to speak to Harry and Ron , but she was such a bossy know - it - all that they saw this as an added bonus .",-0.9937695949338377,0.9991379976272583,-0.49417150020599365,54040.0,-0.4019,0.5994,0.0,"{'Ron', 'Hermione'}",Harry Potter Book 1
harry potter book 1,Hermione,Ron,Hermione was checking Harry and Rons Charms homework,checking,Hermione was checking Harry and Rons Charms homework for them .,0.004629731178283691,0.999405026435852,0.051090359687805176,59987.0,0.4404,0.4404,0.0,"{'Ron', 'Hermione'}",Harry Potter Book 1
harry potter book 1,Hermione,Ron,"Hermione had now started making study schedules for Harry and Ron , too",started,"Hermione had now started making study schedules for Harry and Ron , too .",-0.296877920627594,0.9997689723968506,-0.3324703574180603,77267.0,0.0,0.0,0.0,"{'Ron', 'Hermione'}",Harry Potter Book 1
harry potter book 1,Hermione,Ron,Hermione had now started making study schedules for Harry and Ron,making,"Hermione had now started making study schedules for Harry and Ron , too .",0.12501931190490723,0.9997513294219971,-0.3324703574180603,77267.0,0.0,0.0,0.0,"{'Ron', 'Hermione'}",Harry Potter Book 1
harry potter book 1,Hermione,Ron,Harry and Hermione rushed up to the hospital wing at the end of the day to find Ron in a terrible state in bed,find,Harry and Hermione rushed up to the hospital wing at the end of the day to find Ron in a terrible state in bed .,-0.9907398167997599,0.9998013973236084,-0.9820619616657495,78685.0,-0.4767,-0.4767,0.0,"{'Ron', 'Hermione'}",Harry Potter Book 1
harry potter book 1,Hermione,Ron,Harry and Hermione tried to calm Ron down,tried,Harry and Hermione tried to calm Ron down .,-0.7720138728618622,0.9995204210281372,-0.7256390154361725,78813.0,0.3182,0.3182,0.0,"{'Ron', 'Hermione'}",Harry Potter Book 1
harry potter book 1,Hermione,Ron,Harry and Hermione tried to calm Ron,calm,Harry and Hermione tried to calm Ron down .,-0.754973903298378,0.9997174739837646,-0.7256390154361725,78813.0,0.3182,0.3182,0.3182,"{'Ron', 'Hermione'}",Harry Potter Book 1
harry potter book 1,Hermione,Ron,Hermione was testing Ron,testing,"Harry went back to the library , where Hermione was testing Ron on Astronomy .",-0.5492397844791412,0.9986488819122314,-0.9004200845956802,81426.0,0.0,0.0,0.0,"{'Ron', 'Hermione'}",Harry Potter Book 1
harry potter book 1,Hermione,Ron,"Harry and Hermione stayed quiet , watching Ron think",watching,"Harry and Hermione stayed quiet , watching Ron think .",-0.8615025132894516,0.9997916221618652,-0.8163307756185532,93763.0,0.0,0.0,0.0,"{'Ron', 'Hermione'}",Harry Potter Book 1
harry potter book 1,Hermione,Uncle Vernon,"Hermione , looking uncertainly after Uncle Vernon",looking,"Hope you have - er - a good holiday , said Hermione , looking uncertainly after Uncle Vernon , shocked that anyone could be so unpleasant .",0.12833523750305176,0.9996346235275269,-0.11162978410720825,103087.0,-0.34,-0.0493,0.0,"{'Uncle Vernon', 'Hermione'}",Harry Potter Book 1
harry potter book 1,Malfoy,Harry,"Malfoy , jealous and angry , had gone back to taunting Harry",taunting,"So Malfoy , jealous and angry , had gone back to taunting Harry about having no proper family .",-0.9947232636623085,-0.8780795037746429,-0.9972766530700028,64064.0,-0.743,-0.83,0.0,"{'Malfoy', 'Harry'}",Harry Potter Book 1
harry potter book 1,Malfoy,Harry,"Something about the smile lurking on Malfoys face during the next week made Harry , Ron , and Hermione very nervous",made,"Something about the smile lurking on Malfoys face during the next week made Harry , Ron , and Hermione very nervous .",0.6470556259155273,0.9997553825378418,0.566810131072998,77807.0,-0.101,-0.101,0.0,"{'Malfoy', 'Harry'}",Harry Potter Book 1
harry potter book 1,Malfoy,Hermione,"Something about the smile lurking on Malfoys face during the next week made Harry , Ron , and Hermione very nervous",made,"Something about the smile lurking on Malfoys face during the next week made Harry , Ron , and Hermione very nervous .",0.6470556259155273,0.9997553825378418,0.566810131072998,77807.0,-0.101,-0.101,0.0,"{'Malfoy', 'Hermione'}",Harry Potter Book 1
harry potter book 1,Malfoy,Neville,"Malfoy , it seemed , had sneaked up behind Neville",sneaked,"Malfoy , it seemed , had sneaked up behind Neville and grabbed him as a joke .",0.8377066850662231,-0.5622456073760986,-0.6388294398784637,84702.0,0.0,0.296,0.0,"{'Neville', 'Malfoy'}",Harry Potter Book 1
harry potter book 1,Malfoy,Ron,"Something about the smile lurking on Malfoys face during the next week made Harry , Ron , and Hermione very nervous",made,"Something about the smile lurking on Malfoys face during the next week made Harry , Ron , and Hermione very nervous .",0.6470556259155273,0.9997553825378418,0.566810131072998,77807.0,-0.101,-0.101,0.0,"{'Ron', 'Malfoy'}",Harry Potter Book 1
harry potter book 1,Neville,Hagrid,Neville had been sobbing into Hagrids jacket,sobbing,Neville had been sobbing into Hagrids jacket for the last five minutes .,0.12409162521362305,-0.9971835003234446,-0.7334883213043213,63122.0,-0.3818,-0.3818,-0.3818,"{'Hagrid', 'Neville'}",Harry Potter Book 1
harry potter book 1,Neville,Harry,Harry and Ron were followed into their boat by Neville and Hermione,followed,Harry and Ron were followed into their boat by Neville and Hermione .,0.799593448638916,0.9992678165435791,0.6478216648101807,37494.0,0.0,0.0,0.0,"{'Neville', 'Harry'}",Harry Potter Book 1
harry potter book 1,Neville,Harry,Neville had been tugging on the sleeve of Harrys bathrobe,tugging,For Neville had been tugging on the sleeve of Harrys bathrobe for the last minute .,0.07465434074401855,0.9802333116531372,0.4229334592819214,53153.0,0.0,0.0,0.0,"{'Neville', 'Harry'}",Harry Potter Book 1
harry potter book 1,Neville,Harry,Neville clutched the sleeve of Harrys robe,clutched,Neville clutched the sleeve of Harrys robe and made a choking noise .,0.9710443019866943,-0.9995352041150909,-0.9146285504102707,82378.0,0.0,-0.4588,0.0,"{'Neville', 'Harry'}",Harry Potter Book 1
harry potter book 1,Neville,Harry,Neville thought Harry had a bad case of exam nerves because Harry could nt sleep,thought,"Neville thought Harry had a bad case of exam nerves because Harry could nt sleep , but the truth was that Harry kept being woken by his old nightmare , except that it was now worse than ever because there was a hooded figure dripping blood in it .",-0.9489284940063953,0.9996993541717529,-0.9785491414368153,87006.0,-0.5994,-0.5647,0.0,"{'Neville', 'Harry'}",Harry Potter Book 1
harry potter book 1,Neville,Malfoy,"Neville was trying to remember what he d forgotten when Draco Malfoy , who was passing the Gryffindor table , snatched the Remembrall out of his hand",trying,"Neville was trying to remember what he d forgotten when Draco Malfoy , who was passing the Gryffindor table , snatched the Remembrall out of his hand .",-0.8186981976032257,0.9991613626480103,-0.8203626126050949,47966.0,0.3182,0.3182,0.0,"{'Neville', 'Malfoy'}",Harry Potter Book 1
harry potter book 1,Neville,Malfoy,"Neville was trying to remember what he d forgotten when Draco Malfoy , who was passing the Gryffindor table , snatched the Remembrall out of his hand",remember,"Neville was trying to remember what he d forgotten when Draco Malfoy , who was passing the Gryffindor table , snatched the Remembrall out of his hand .",-0.8186981976032257,0.999779462814331,-0.8203626126050949,47966.0,0.3182,0.3182,0.0,"{'Neville', 'Malfoy'}",Harry Potter Book 1
harry potter book 1,Neville,Malfoy,Neville went bright red but turned in his seat to face Malfoy,face,Neville went bright red but turned in his seat to face Malfoy .,0.9969267845153809,0.999671220779419,0.9967266321182251,73629.0,0.2382,0.2382,0.0,"{'Neville', 'Malfoy'}",Harry Potter Book 1
harry potter book 1,Neville,Ron,Harry and Ron were followed into their boat by Neville and Hermione,followed,Harry and Ron were followed into their boat by Neville and Hermione .,0.799593448638916,0.9992678165435791,0.6478216648101807,37494.0,0.0,0.0,0.0,"{'Neville', 'Ron'}",Harry Potter Book 1
harry potter book 1,Percy,Dumbledore,"Percy , frowning at Dumbledore",frowning,"Must be , said Percy , frowning at Dumbledore .",-0.9952551783062518,-0.9995254779059906,-0.9858558187261224,42442.0,-0.34,-0.34,-0.34,"{'Percy', 'Dumbledore'}",Harry Potter Book 1
harry potter book 1,Percy,Ron,"Ron , excellent , said Percy Weasley",said,"Well done , Ron , excellent , said Percy Weasley pompously across Harry as Zabini , Blaise , was made a Slytherin .",0.9996069669723511,0.9940192699432373,0.9917857646942139,40776.0,0.5719,0.7003,0.0,"{'Percy', 'Ron'}",Harry Potter Book 1
harry potter book 1,Quirrell,Harry,Professor Quirrell keep Harry,keep,But the others would nt let Professor Quirrell keep Harry to himself .,0.9974712133407593,0.9997177124023438,-0.1401524543762207,23219.0,0.0,0.0,0.0,"{'Quirrell', 'Harry'}",Harry Potter Book 1
harry potter book 1,Quirrell,Harry,Quirrell rounded on Harry,rounded,Quirrell rounded on Harry .,0.9985536336898804,0.9997673034667969,0.9951314926147461,96972.0,0.0,0.0,0.0,"{'Quirrell', 'Harry'}",Harry Potter Book 1
harry potter book 1,Quirrell,Harry,"Quirrell lunged , knocking Harry",knocking,"shrieked Voldemort again , and Quirrell lunged , knocking Harry clean off his feet , landing on top of him , both hands around Harrys neck - Harrys scar was almost blinding him with pain , yet he could see Quirrell howling in agony .",-0.28502488136291504,0.9989105463027954,-0.2119573950767517,97953.0,0.0,-0.3818,0.0,"{'Quirrell', 'Harry'}",Harry Potter Book 1
harry potter book 1,Quirrell,Harry,"Quirrell , though pinning Harry",pinning,"And Quirrell , though pinning Harry to the ground with his knees , let go of his neck and stared , bewildered , at his own palms - Harry could see they looked burned , raw , red , and shiny .",0.45634615421295166,0.8967916965484619,-0.1498183012008667,98017.0,0.0,0.0,0.0,"{'Quirrell', 'Harry'}",Harry Potter Book 1
harry potter book 1,Quirrell,Harry,Quirrell screamed and tried to throw Harry off,tried,"Quirrell screamed and tried to throw Harry off - the pain in Harrys head was building - he could nt see - he could only hear Quirrells terrible shrieks and Voldemorts yells of , KILL HIM !",-0.9376129508018494,0.9995204210281372,-0.9932247367687523,98179.0,-0.3182,-0.9374,0.0,"{'Quirrell', 'Harry'}",Harry Potter Book 1
harry potter book 1,Quirrell,Harry,Quirrell screamed and tried to throw Harry,throw,"Quirrell screamed and tried to throw Harry off - the pain in Harrys head was building - he could nt see - he could only hear Quirrells terrible shrieks and Voldemorts yells of , KILL HIM !",-0.9879339570179582,0.9821271896362305,-0.9932247367687523,98179.0,-0.3182,-0.9374,0.0,"{'Quirrell', 'Harry'}",Harry Potter Book 1
harry potter book 1,Quirrell,Harry,"Quirrell said Snape - Professor Snape , Harry",said,"Quirrell said Snape - Professor Snape , Harry .",0.849030613899231,0.9940192699432373,0.8163905143737793,99751.0,0.0,0.0,0.0,"{'Quirrell', 'Harry'}",Harry Potter Book 1
harry potter book 1,Ron,Dumbledore,"Dumbledores off his rocker , all right , said Ron",said,"Yeah , Dumbledores off his rocker , all right , said Ron proudly .",-0.013111889362335205,0.9940192699432373,0.9597985744476318,100750.0,0.0,0.7003,0.0,"{'Ron', 'Dumbledore'}",Harry Potter Book 1
harry potter book 1,Ron,Hagrid,Harry and Ron were delighted to hear Hagrid call Filch that old git,hear,Harry and Ron were delighted to hear Hagrid call Filch that old git .,0.8935142755508423,0.9997754096984863,0.9457335472106934,46742.0,0.5106,0.5106,0.0,"{'Hagrid', 'Ron'}",Harry Potter Book 1
harry potter book 1,Ron,Hagrid,"Ron say , Hagrid",say,"Harry , who was looking up Dittanyin One Thousand Magical Herbs and Fungi , did nt look up until he heard Ron say , Hagrid !",-0.9761765785515308,0.9461673498153687,-0.6422158181667328,75606.0,0.0,0.0,0.0,"{'Hagrid', 'Ron'}",Harry Potter Book 1
harry potter book 1,Ron,Harry,Ron whispered to Harry,whispered,Ron whispered to Harry .,0.9725805521011353,-0.9223307073116302,0.9052276611328125,39436.0,0.0,0.0,0.0,"{'Ron', 'Harry'}",Harry Potter Book 1
harry potter book 1,Ron,Harry,"Thomas , Dean , a Black boy even taller than Ron , joined Harry",joined,"Thomas , Dean , a Black boy even taller than Ron , joined Harry at the Gryffindor table .",0.9898016452789307,0.9997825622558594,0.980492353439331,40694.0,0.0,0.0,0.0,"{'Ron', 'Harry'}",Harry Potter Book 1
harry potter book 1,Ron,Harry,Ron muttered to Harry,muttered,Ron muttered to Harry through the hangings .,-0.9528928957879543,-0.9912142939865589,-0.9960231455042958,43314.0,0.0,0.0,0.0,"{'Ron', 'Harry'}",Harry Potter Book 1
harry potter book 1,Ron,Harry,Ron grinned at Harry,grinned,Ron grinned at Harry .,0.9995256662368774,0.9993581771850586,0.9993462562561035,54454.0,0.2732,0.2732,0.2732,"{'Ron', 'Harry'}",Harry Potter Book 1
harry potter book 1,Ron,Harry,"Ron , pulling Harry",pulling,"hissed Ron , pulling Harry behind a large stone griffin .",0.989585280418396,0.9991072416305542,-0.9758344516158104,57423.0,0.0,0.0,0.0,"{'Ron', 'Harry'}",Harry Potter Book 1
harry potter book 1,Ron,Harry,Ron also started teaching Harry wizard chess,started,Ron also started teaching Harry wizard chess .,0.9982229471206665,0.9997689723968506,0.9976474046707153,65560.0,0.0,0.0,0.0,"{'Ron', 'Harry'}",Harry Potter Book 1
harry potter book 1,Ron,Harry,Ron also started teaching Harry wizard chess,teaching,Ron also started teaching Harry wizard chess .,0.9982229471206665,0.9997632503509521,0.9976474046707153,65560.0,0.0,0.0,0.0,"{'Ron', 'Harry'}",Harry Potter Book 1
harry potter book 1,Ron,Harry,Ron whispered in Harrys ear,whispered,"Oh , lets kick her , just this once , Ron whispered in Harrys ear , but Harry shook his head .",0.9902074337005615,-0.9223307073116302,-0.8762347921729088,90949.0,0.0,-0.1531,0.0,"{'Ron', 'Harry'}",Harry Potter Book 1
harry potter book 1,Ron,Harry,Ron warned Harry,warned,"Keep playing , Ron warned Harry as they slipped out of the cloak and crept toward the trapdoor .",-0.9185099378228188,-0.999431784322951,0.9496525526046753,91598.0,-0.2732,-0.0772,-0.2732,"{'Ron', 'Harry'}",Harry Potter Book 1
harry potter book 1,Ron,Harry,Ron went speeding in the direction that Harry was pointing,went,"Ron went speeding in the direction that Harry was pointing , crashed into the ceiling , and nearly fell off his broom .",0.99256432056427,0.9995723962783813,-0.9547268934547901,93264.0,0.0,0.0,0.0,"{'Ron', 'Harry'}",Harry Potter Book 1
harry potter book 1,Ron,Harry,Ron only just noticed in time that Harry and Hermione were in danger,only,"Twice , Ron only just noticed in time that Harry and Hermione were in danger .",-0.6651835143566132,-0.8605104684829712,-0.8035281449556351,94081.0,-0.5267,-0.5267,0.0,"{'Ron', 'Harry'}",Harry Potter Book 1
harry potter book 1,Ron,Hermione,Ron looked at his watch and then glared furiously at Hermione and Neville,glared,Ron looked at his watch and then glared furiously at Hermione and Neville .,-0.9911569943651557,-0.9993913910584524,-0.9848538767546415,52006.0,-0.4404,-0.4404,0.0,"{'Ron', 'Hermione'}",Harry Potter Book 1
harry potter book 1,Ron,Hermione,Harry and Ron overheard Parvati Patil telling her friend Lavender that Hermione was crying in the girls bathroom and wanted to be left alone,overheard,"On their way down to the Great Hall for the Halloween feast , Harry and Ron overheard Parvati Patil telling her friend Lavender that Hermione was crying in the girls bathroom and wanted to be left alone .",-0.8819436654448509,-0.999239849159494,-0.7642050981521606,56958.0,-0.2263,0.4939,0.0,"{'Ron', 'Hermione'}",Harry Potter Book 1
harry potter book 1,Ron,Hermione,"Honestly , Hermione , you think all teachers are saints or something , snapped Ron",snapped,"Honestly , Hermione , you think all teachers are saints or something , snapped Ron .",-0.7256574630737305,0.13281667232513428,-0.7642238289117813,60443.0,0.4588,0.4588,0.0,"{'Ron', 'Hermione'}",Harry Potter Book 1
harry potter book 1,Ron,Hermione,Harry and Ron beamed at Hermione,beamed,Harry and Ron beamed at Hermione .,0.9996525049209595,0.9997148513793945,0.9996448755264282,76540.0,0.0,0.0,0.0,"{'Ron', 'Hermione'}",Harry Potter Book 1
harry potter book 1,Ron,Hermione,Ron only just noticed in time that Harry and Hermione were in danger,only,"Twice , Ron only just noticed in time that Harry and Hermione were in danger .",-0.6651835143566132,-0.8605104684829712,-0.8035281449556351,94081.0,-0.5267,-0.5267,0.0,"{'Ron', 'Hermione'}",Harry Potter Book 1
harry potter book 1,Ron,Malfoy,"Harry and Ron headed upstairs , smothering their laughter at Malfoys obvious rage and confusion",smothering,"Harry and Ron headed upstairs , smothering their laughter at Malfoys obvious rage and confusion .",-0.3903360962867737,-0.9672462493181229,-0.3857930302619934,54647.0,-0.6124,-0.6124,-0.34,"{'Ron', 'Malfoy'}",Harry Potter Book 1
harry potter book 1,Ron,Malfoy,Ron dived at Malfoy,dived,Ron dived at Malfoy just as Snape came up the stairs .,0.9430050849914551,-0.8417701870203018,0.8296340703964233,64321.0,0.0,0.0,0.0,"{'Ron', 'Malfoy'}",Harry Potter Book 1
harry potter book 1,Ron,Malfoy,Ron let go of the front of Malfoys robes,let,Ron let go of the front of Malfoys robes .,0.7902101278305054,0.9996669292449951,0.5982484817504883,64337.0,0.0,0.0,0.0,"{'Ron', 'Malfoy'}",Harry Potter Book 1
harry potter book 1,Ron,Neville,Ron looked at his watch and then glared furiously at Hermione and Neville,glared,Ron looked at his watch and then glared furiously at Hermione and Neville .,-0.9911569943651557,-0.9993913910584524,-0.9848538767546415,52006.0,-0.4404,-0.4404,0.0,"{'Neville', 'Ron'}",Harry Potter Book 1
harry potter book 1,Ron,Neville,"Ron and Hermione joined Neville , Seamus , and Dean the West Ham fan",joined,"Ron and Hermione joined Neville , Seamus , and Dean the West Ham fan up in the top row .",0.9974621534347534,0.9997825622558594,0.9985802173614502,60752.0,0.3182,0.4767,0.0,"{'Neville', 'Ron'}",Harry Potter Book 1
harry potter book 1,Ron,Neville,"Ron , still not daring to take his eyes from the game , said , You tell him , Neville",still not daring to take his eyes from the game,"Malfoy , Crabbe , and Goyle howled with laughter , but Ron , still not daring to take his eyes from the game , said , You tell him , Neville .",0.9564951658248901,0.9996498823165894,0.9944741725921631,73658.0,-0.2755,-0.1444,-0.2755,"{'Neville', 'Ron'}",Harry Potter Book 1
harry potter book 1,Snape,Hagrid,Maybe Snapes found out how to get past him without asking Hagrid,Maybe,"Maybe Snapes found out how to get past him without asking Hagrid , said Ron , looking up at the thousands of books surrounding them .",-0.7293725311756134,0.999090313911438,-0.32015490531921387,81494.0,0.0,0.0,0.0,"{'Hagrid', 'Snape'}",Harry Potter Book 1
harry potter book 1,Snape,Harry,Snape did nt dislike Harry,dislike,Snape did nt dislike Harry - he hated him .,0.9848710298538208,-0.9994923628401011,-0.9938593860715628,45198.0,-0.3818,-0.7783,-0.3818,"{'Snape', 'Harry'}",Harry Potter Book 1
harry potter book 1,Snape,Hermione,Snape was still ignoring Hermiones quivering hand,ignoring,Snape was still ignoring Hermiones quivering hand .,-0.9531880877912045,-0.9982795238029212,-0.9531348906457424,45788.0,0.128,0.128,-0.4019,"{'Snape', 'Hermione'}",Harry Potter Book 1
harry potter book 1,Uncle Vernon,Dudley,"Harry and Uncle Vernon watched Dudley unwrap the racing bike , a video camera , a remote control airplane , sixteen new computer games , and a VCR",watched,"At that moment the telephone rang and Aunt Petunia went to answer it while Harry and Uncle Vernon watched Dudley unwrap the racing bike , a video camera , a remote control airplane , sixteen new computer games , and a VCR .",-0.44871407747268677,0.9997744560241699,-0.3622131943702698,7276.0,0.0,0.0,0.0,"{'Uncle Vernon', 'Dudley'}",Harry Potter Book 1
harry potter book 1,Uncle Vernon,Dudley,"Get the mail , Dudley , said Uncle Vernon",said,"Get the mail , Dudley , said Uncle Vernon from behind his paper .",-0.053387463092803955,0.9940192699432373,-0.843065157532692,11245.0,0.0,0.0,0.0,"{'Uncle Vernon', 'Dudley'}",Harry Potter Book 1
harry potter book 1,Uncle Vernon,Dudley,"Uncle Vernon , who seemed to be trying to be nice to Harry , made Dudley go and get it",made,"When the mail arrived , Uncle Vernon , who seemed to be trying to be nice to Harry , made Dudley go and get it .",-0.5737842917442322,0.9997553825378418,-0.6013477146625519,12820.0,0.4215,0.4215,0.0,"{'Uncle Vernon', 'Dudley'}",Harry Potter Book 1
harry potter book 1,Uncle Vernon,Dudley,Uncle Vernon had to wrestle Dudley,wrestle,"Uncle Vernon had to wrestle Dudley to the ground to get the letter from him , which was made difficult by the fact that Harry had grabbed Uncle Vernon around the neck from behind .",0.5663650035858154,0.9965711832046509,-0.9393945559859276,12912.0,0.0,-0.3612,0.0,"{'Uncle Vernon', 'Dudley'}",Harry Potter Book 1
harry potter book 1,Uncle Vernon,Dudley,"Uncle Vernon said sharply , Do nt touch anything he gives you , Dudley",said,"Uncle Vernon said sharply , Do nt touch anything he gives you , Dudley .",-0.6855093240737915,0.9940192699432373,-0.6884913444519043,16188.0,0.0,0.0,0.0,"{'Uncle Vernon', 'Dudley'}",Harry Potter Book 1
harry potter book 1,Uncle Vernon,Harry,Uncle Vernon looked over the top of his newspaper and shouted that Harry needed a haircut,shouted,"About once a week , Uncle Vernon looked over the top of his newspaper and shouted that Harry needed a haircut .",-0.9938649008981884,-0.9813675340265036,-0.9933285457082093,6852.0,0.2023,0.2023,0.0,"{'Uncle Vernon', 'Harry'}",Harry Potter Book 1
harry potter book 1,Uncle Vernon,Harry,Uncle Vernon had taken Harry,taken,"His aunt and uncle had nt been able to think of anything else to do with him , but before they d left , Uncle Vernon had taken Harry aside .",-0.9329075887799263,-0.999544776219409,0.0992358922958374,8049.0,0.0,0.0,0.0,"{'Uncle Vernon', 'Harry'}",Harry Potter Book 1
harry potter book 1,Uncle Vernon,Harry,"Uncle Vernon had been lying at the foot of the front door in a sleeping bag , clearly making sure that Harry did nt do exactly what he d been trying to do",clearly,"Uncle Vernon had been lying at the foot of the front door in a sleeping bag , clearly making sure that Harry did nt do exactly what he d been trying to do .",-0.6091650724411011,0.9997513294219971,-0.6440505683422089,13202.0,0.1531,0.1531,0.4019,"{'Uncle Vernon', 'Harry'}",Harry Potter Book 1
harry potter book 1,Uncle Vernon,Harry,Uncle Vernon seized Harry,seized,Uncle Vernon seized Harry around the waist and threw him into the hall .,0.7976785898208618,-0.48061877489089966,-0.5701900720596313,13745.0,0.0,0.0,0.0,"{'Uncle Vernon', 'Harry'}",Harry Potter Book 1
harry potter book 1,Uncle Vernon,Harry,"Harry he would nt stay in the same room , while Aunt Petunia and Uncle Vernon did nt shut",shut,"True , Dudley was now so scared of Harry he would nt stay in the same room , while Aunt Petunia and Uncle Vernon did nt shut Harry in his cupboard , force him to do anything , or shout at him - in fact , they did nt speak to him at all .",-0.9578582979738712,-0.999502113496419,-0.9792078174650669,29259.0,0.0,-0.2362,0.0,"{'Uncle Vernon', 'Harry'}",Harry Potter Book 1
harry potter book 1,Uncle Vernon,Harry,Uncle Vernon dumped Harrys trunk,dumped,Uncle Vernon dumped Harrys trunk onto a cart and wheeled it into the station for him .,-0.9966687106061727,-0.999484837113414,-0.8878667131066322,30016.0,-0.4019,-0.4019,-0.4019,"{'Uncle Vernon', 'Harry'}",Harry Potter Book 1
harry potter book 1,Uncle Vernon,Harry,"Uncle Vernon , still purple - faced , still mustached , still looking furious at the nerve of Harry",looking,"It was Uncle Vernon , still purple - faced , still mustached , still looking furious at the nerve of Harry , carrying an owl in a cage in a station full of ordinary people .",-0.36012589931488037,0.9996346235275269,-0.1919422149658203,102966.0,-0.5719,-0.5719,0.0,"{'Uncle Vernon', 'Harry'}",Harry Potter Book 1
harry potter book 1,Wood,Harry,Wood looking curiously at Harry,looking,"Follow me , you two , said Professor McGonagall , and they marched on up the corridor , Wood looking curiously at Harry .",0.9985593557357788,0.9996346235275269,0.751550555229187,49790.0,0.0,0.0,0.0,"{'Wood', 'Harry'}",Harry Potter Book 1
harry potter book 1,Wood,Harry,Wood warned Harry,warned,"Stand back , Wood warned Harry .",-0.9724425710737705,-0.999431784322951,-0.7264308631420135,55558.0,-0.2732,-0.2732,-0.2732,"{'Wood', 'Harry'}",Harry Potter Book 1
